id,name,email,available_mentoring_capacity,current_employment,previous_employment,education,professional_skills,comments,interview_notes,mentoring_experience,ai_skill_1,ai_skill_2,ai_skill_3,ai_sector,extraction_date
1,Dana Rosen,dana.rosen@gmail.com,5,Head of Clinical Trials at Clarke and Sons,Manager at Newman LLC for 6 years,BSc in Engineering from Port Stephanieborough University,"Clinical Trials, Product-Market Fit, Regulatory Compliance",Committed to supporting innovation in healthtech with expertise in clinical trials and product-market fit.,I work on integrating healthcare needs with technology to improve patient outcomes. Recently I’ve focused on clinical trials and product-market fit to help organizations in the healthtech sector thrive.,Coached 8 innovation managers and tech leaders on clinical trials and product-market fit throughout 5 years.,Clinical Trials,Product-Market Fit,Regulatory Compliance,HealthTech,
2,Noa Weiss,noa.weiss@gmail.com,1,"CTO at Conversion Optimization at Webb, Li and Clark",Director at Cain PLC for 5 years,BSc in Business from Port Kevinton University,"Conversion Optimization, SEO, UX/UI",Passionate about helping e-commerce startups improve conversion optimization and seo.,I’ve helped leading online retailers improve growth and optimize digital operations. Recently I’ve focused on conversion optimization and seo to help organizations in the e-commerce sector thrive.,Supported 12 business founders in achieving excellence in conversion optimization and overcoming seo challenges for 11 years.,Conversion Optimization,SEO,UX/UI,E-commerce,
3,Gal Shalev,gal.shalev@gmail.com,4,"Lead Digital Marketing at Robertson, Joseph and Gomez","Director at Nunez, Pierce and Macias for 2 years",MSc in Computer Science from Casemouth University,"Digital Marketing, SEO, Conversion Optimization",Enjoys mentoring teams facing seo challenges in the e-commerce industry.,I’ve helped leading online retailers improve growth and optimize digital operations. Recently I’ve focused on digital marketing and seo to help organizations in the e-commerce sector thrive.,Guided over 12 early-stage founders in digital marketing and seo for more than 3 years.,Digital Marketing,SEO,Conversion Optimization,E-commerce,
4,Shani Katz,shani.katz@gmail.com,4,VP of Inventory Management at Tucker Inc,Lead at Robinson PLC for 3 years,MBA in Business from Lanceberg University,"Inventory Management, Warehouse Automation, Procurement",Focuses on practical strategies to boost inventory management and procurement for logistics ventures.,I’ve supported supply-chain leaders in optimizing routes and improving efficiency. Recently I’ve focused on inventory management and warehouse automation to help organizations in the logistics sector thrive.,Provided hands-on mentoring to 30 product teams improving inventory management and scaling warehouse automation during 8 years.,Inventory Management,Warehouse Automation,Procurement,Logistics,
5,Boaz Rosen,boaz.rosen@gmail.com,3,"Lead Precision Agriculture at Aguirre, Romero and Newton",Lead at Grant-Simon for 2 years,MBA in Design from West Hollyside University,"Precision Agriculture, Climate Impact, Data Analysis",Focuses on practical strategies to boost precision agriculture and data analysis for agritech ventures.,I specialize in applying data and automation to modernize agricultural processes. Recently I’ve focused on precision agriculture and climate impact to help organizations in the agritech sector thrive.,Supported 21 business founders in achieving excellence in precision agriculture and overcoming climate impact challenges for 9 years.,Precision Agriculture,Climate Impact,Data Analysis,AgriTech,
6,Yossi Aloni,yossi.aloni@gmail.com,5,CEO at Mobile App Development at Johnson Inc,Manager at Miller-Davis for 6 years,BSc in Design from Reyeschester University,"Mobile App Development, Learning Design, Teacher Training",Enjoys mentoring teams facing learning design challenges in the edtech industry.,I’ve guided edtech founders on building engaging learning platforms for diverse audiences. Recently I’ve focused on mobile app development and learning design to help organizations in the edtech sector thrive.,Coached 29 innovation managers and tech leaders on mobile app development and learning design throughout 11 years.,Mobile App Development,Learning Design,Teacher Training,EdTech,
7,Lior Aloni,lior.aloni@gmail.com,2,"CEO at Sustainability at Jones, Harrell and Taylor","Lead at Chapman, Mcconnell and Moore for 3 years",MBA in Design from New Joshuastad University,"Sustainability, Fundraising, Renewable Energy",Enjoys mentoring teams facing fundraising challenges in the cleantech industry.,I’m passionate about bringing innovative sustainable energy solutions to startups. Recently I’ve focused on sustainability and fundraising to help organizations in the cleantech sector thrive.,Coached 11 innovation managers and tech leaders on sustainability and fundraising throughout 10 years.,Sustainability,Fundraising,Renewable Energy,CleanTech,
8,Lior Shapiro,lior.shapiro@gmail.com,2,Principal Route Optimization at Mcconnell Inc,Lead at Hernandez Inc for 5 years,MBA in Engineering from Maciasland University,"Route Optimization, Inventory Management, Warehouse Automation",Believes that great outcomes in logistics come from strong route optimization and warehouse automation.,I’ve supported supply-chain leaders in optimizing routes and improving efficiency. Recently I’ve focused on route optimization and inventory management to help organizations in the logistics sector thrive.,Provided hands-on mentoring to 22 product teams improving route optimization and scaling inventory management during 12 years.,Route Optimization,Inventory Management,Warehouse Automation,Logistics,
9,Ofir Shapiro,ofir.shapiro@gmail.com,1,VP of Assessment Tools at Blake-Drake,Manager at Johnson-Jenkins for 5 years,BSc in Computer Science from Jonesfurt University,"Assessment Tools, Learning Design, Gamification",Passionate about helping edtech startups improve assessment tools and learning design.,I’ve guided edtech founders on building engaging learning platforms for diverse audiences. Recently I’ve focused on assessment tools and learning design to help organizations in the edtech sector thrive.,Advised 23 growth-stage startups on assessment tools and learning design across 6 years of mentorship.,Assessment Tools,Learning Design,Gamification,EdTech,
10,Zohar Lazar,zohar.lazar@gmail.com,3,Principal Renewable Energy at Fowler-Smith,"Lead at Kelly, Fischer and Huang for 6 years",MSc in Design from Michelletown University,"Renewable Energy, Fundraising, Market Strategy",Focuses on practical strategies to boost renewable energy and market strategy for cleantech ventures.,I’m passionate about bringing innovative sustainable energy solutions to startups. Recently I’ve focused on renewable energy and fundraising to help organizations in the cleantech sector thrive.,Advised 26 growth-stage startups on renewable energy and fundraising across 6 years of mentorship.,Renewable Energy,Fundraising,Market Strategy,CleanTech,
11,Sivan Niv,sivan.niv@gmail.com,2,CEO at Regulatory Compliance at Valenzuela-Cannon,"Director at Hubbard, Vargas and Williams for 2 years",BSc in Computer Science from New Teresa University,"Regulatory Compliance, Clinical Trials, Product-Market Fit",Focuses on practical strategies to boost regulatory compliance and product-market fit for healthtech ventures.,I work on integrating healthcare needs with technology to improve patient outcomes. Recently I’ve focused on regulatory compliance and clinical trials to help organizations in the healthtech sector thrive.,Provided hands-on mentoring to 18 product teams improving regulatory compliance and scaling clinical trials during 7 years.,Regulatory Compliance,Clinical Trials,Product-Market Fit,HealthTech,
12,Shani Goren,shani.goren@gmail.com,5,"CTO at Data Analytics at Callahan, Morgan and Porter",Director at Schmidt LLC for 2 years,MBA in Economics from New Dustin University,"Data Analytics, Compliance, Payment Systems",Passionate about helping fintech startups improve data analytics and compliance.,I’ve spent years building secure and compliant financial products that scale globally. Recently I’ve focused on data analytics and compliance to help organizations in the fintech sector thrive.,Advised 13 growth-stage startups on data analytics and compliance across 6 years of mentorship.,Data Analytics,Compliance,Payment Systems,FinTech,
13,Adi Rosen,adi.rosen@gmail.com,1,VP of Data Analysis at Davis-Martin,Manager at Deleon-Huff for 4 years,BSc in Engineering from New Meredithchester University,"Data Analysis, Supply Chain, Precision Agriculture",Focuses on practical strategies to boost data analysis and precision agriculture for agritech ventures.,I specialize in applying data and automation to modernize agricultural processes. Recently I’ve focused on data analysis and supply chain to help organizations in the agritech sector thrive.,Supported 10 business founders in achieving excellence in data analysis and overcoming supply chain challenges for 8 years.,Data Analysis,Supply Chain,Precision Agriculture,AgriTech,
14,Tamar Lazar,tamar.lazar@gmail.com,2,"CEO at Operations at Robinson, Wiggins and Downs",Lead at Baker PLC for 2 years,BSc in Economics from New Robert University,"Operations, Renewable Energy, Market Strategy",Enjoys mentoring teams facing renewable energy challenges in the cleantech industry.,I’m passionate about bringing innovative sustainable energy solutions to startups. Recently I’ve focused on operations and renewable energy to help organizations in the cleantech sector thrive.,Guided over 7 early-stage founders in operations and renewable energy for more than 9 years.,Operations,Renewable Energy,Market Strategy,CleanTech,
15,Erez Bar,erez.bar@gmail.com,2,"CTO at Precision Agriculture at Martin, Lopez and Morris","Lead at Martinez, Mccoy and Thompson for 6 years",MSc in Computer Science from Josephside University,"Precision Agriculture, Climate Impact, Supply Chain",Committed to supporting innovation in agritech with expertise in precision agriculture and climate impact.,I specialize in applying data and automation to modernize agricultural processes. Recently I’ve focused on precision agriculture and climate impact to help organizations in the agritech sector thrive.,Guided over 34 early-stage founders in precision agriculture and climate impact for more than 7 years.,Precision Agriculture,Climate Impact,Supply Chain,AgriTech,
16,Itai Raz,itai.raz@gmail.com,5,Principal Market Strategy at Mullins-Mitchell,"Manager at Campbell, Williams and Haas for 6 years",MBA in Design from Lake Patrick University,"Market Strategy, Fundraising, Renewable Energy",Focuses on practical strategies to boost market strategy and renewable energy for cleantech ventures.,I’m passionate about bringing innovative sustainable energy solutions to startups. Recently I’ve focused on market strategy and fundraising to help organizations in the cleantech sector thrive.,Advised 21 growth-stage startups on market strategy and fundraising across 8 years of mentorship.,Market Strategy,Fundraising,Renewable Energy,CleanTech,
17,Nadav Katz,nadav.katz@gmail.com,3,VP of Data Labeling at Wu-Lee,Lead at Allen PLC for 4 years,MSc in Design from Reynoldsfort University,"Data Labeling, Prompt Engineering, MLOps",Enjoys mentoring teams facing prompt engineering challenges in the ai/ml industry.,I focus on building and deploying machine learning models that solve business challenges. Recently I’ve focused on data labeling and prompt engineering to help organizations in the ai/ml sector thrive.,Helped 18 entrepreneurs refine their approach to data labeling and prompt engineering while scaling their ventures over 10 years.,Data Labeling,Prompt Engineering,MLOps,AI/ML,
18,Adi Katz,adi.katz@gmail.com,3,"Head of Threat Detection at Peters, Reed and Gonzalez",Lead at Reese Group for 6 years,MSc in Business from Mcleanstad University,"Threat Detection, Compliance, Data Protection",Passionate about helping cybersecurity startups improve threat detection and compliance.,I’ve helped organizations design resilient security systems to reduce data risks. Recently I’ve focused on threat detection and compliance to help organizations in the cybersecurity sector thrive.,Advised 27 growth-stage startups on threat detection and compliance across 4 years of mentorship.,Threat Detection,Compliance,Data Protection,CyberSecurity,
19,Noa Goldman,noa.goldman@gmail.com,2,VP of Cloud Architecture at Weber Inc,"Lead at Moore, Lewis and Cohen for 6 years",MSc in Engineering from Lake Brandon University,"Cloud Architecture, Product Strategy, Customer Success",Believes that great outcomes in saas come from strong cloud architecture and customer success.,I focus on scaling software-as-a-service platforms to meet enterprise demands. Recently I’ve focused on cloud architecture and product strategy to help organizations in the saas sector thrive.,Coached 17 innovation managers and tech leaders on cloud architecture and product strategy throughout 3 years.,Cloud Architecture,Product Strategy,Customer Success,SaaS,
20,Amir Goldman,amir.goldman@gmail.com,1,Lead MLOps at Stephens LLC,"Director at Johnston, Arnold and Collins for 2 years",MBA in Economics from New Stephen University,"MLOps, Deployment at Scale, Prompt Engineering",Committed to supporting innovation in ai/ml with expertise in mlops and deployment at scale.,I focus on building and deploying machine learning models that solve business challenges. Recently I’ve focused on mlops and deployment at scale to help organizations in the ai/ml sector thrive.,Provided hands-on mentoring to 30 product teams improving mlops and scaling deployment at scale during 10 years.,MLOps,Deployment at Scale,Prompt Engineering,AI/ML,
21,Erez Lazar,erez.lazar@gmail.com,1,Lead Fundraising at Walters-Gomez,Director at Burgess PLC for 4 years,BSc in Design from East Benjaminbury University,"Fundraising, Renewable Energy, Market Strategy",Enjoys mentoring teams facing renewable energy challenges in the cleantech industry.,I’m passionate about bringing innovative sustainable energy solutions to startups. Recently I’ve focused on fundraising and renewable energy to help organizations in the cleantech sector thrive.,Supported 8 business founders in achieving excellence in fundraising and overcoming renewable energy challenges for 12 years.,Fundraising,Renewable Energy,Market Strategy,CleanTech,
22,Noa Shalev,noa.shalev@gmail.com,5,"VP of Precision Agriculture at Oneal, Kaiser and Mccall","Lead at Elliott, Hayes and Ramos for 6 years",MBA in Design from East Rebecca University,"Precision Agriculture, Supply Chain, IoT Sensors",Enjoys mentoring teams facing supply chain challenges in the agritech industry.,I specialize in applying data and automation to modernize agricultural processes. Recently I’ve focused on precision agriculture and supply chain to help organizations in the agritech sector thrive.,Helped 15 entrepreneurs refine their approach to precision agriculture and supply chain while scaling their ventures over 10 years.,Precision Agriculture,Supply Chain,IoT Sensors,AgriTech,
23,Shani Mor,shani.mor@gmail.com,4,CTO at Last Mile Delivery at Davidson Group,Lead at Davis Inc for 3 years,MBA in Economics from North Johnchester University,"Last Mile Delivery, Procurement, Warehouse Automation",Committed to supporting innovation in logistics with expertise in last mile delivery and procurement.,I’ve supported supply-chain leaders in optimizing routes and improving efficiency. Recently I’ve focused on last mile delivery and procurement to help organizations in the logistics sector thrive.,Supported 31 business founders in achieving excellence in last mile delivery and overcoming procurement challenges for 12 years.,Last Mile Delivery,Procurement,Warehouse Automation,Logistics,
24,Roni Lazar,roni.lazar@gmail.com,2,VP of Cloud Architecture at Rodriguez Group,Manager at Sanchez and Sons for 3 years,BSc in Business from Rhodesmouth University,"Cloud Architecture, Scalability, Product Strategy",Focuses on practical strategies to boost cloud architecture and product strategy for saas ventures.,I focus on scaling software-as-a-service platforms to meet enterprise demands. Recently I’ve focused on cloud architecture and scalability to help organizations in the saas sector thrive.,Coached 30 innovation managers and tech leaders on cloud architecture and scalability throughout 8 years.,Cloud Architecture,Scalability,Product Strategy,SaaS,
25,Shani Goldman,shani.goldman@gmail.com,1,VP of Regulatory Compliance at Harris and Sons,"Manager at Henson, Johnson and Hernandez for 2 years",MBA in Business from Lake Meghanchester University,"Regulatory Compliance, User Research, Telemedicine",Enjoys mentoring teams facing user research challenges in the healthtech industry.,I work on integrating healthcare needs with technology to improve patient outcomes. Recently I’ve focused on regulatory compliance and user research to help organizations in the healthtech sector thrive.,Supported 15 business founders in achieving excellence in regulatory compliance and overcoming user research challenges for 7 years.,Regulatory Compliance,User Research,Telemedicine,HealthTech,
26,Boaz Levi,boaz.levi@gmail.com,1,CEO at Operations at Park Ltd,Lead at Bell-Hernandez for 5 years,MSc in Engineering from Lake Tracyville University,"Operations, Fundraising, Market Strategy",Focuses on practical strategies to boost operations and market strategy for cleantech ventures.,I’m passionate about bringing innovative sustainable energy solutions to startups. Recently I’ve focused on operations and fundraising to help organizations in the cleantech sector thrive.,Helped 17 entrepreneurs refine their approach to operations and fundraising while scaling their ventures over 9 years.,Operations,Fundraising,Market Strategy,CleanTech,
27,Gal Goldman,gal.goldman@gmail.com,5,CTO at Fundraising at Tran Inc,Lead at Cook PLC for 4 years,MBA in Economics from Louisbury University,"Fundraising, Market Strategy, Renewable Energy",Believes that great outcomes in cleantech come from strong fundraising and renewable energy.,I’m passionate about bringing innovative sustainable energy solutions to startups. Recently I’ve focused on fundraising and market strategy to help organizations in the cleantech sector thrive.,Guided over 17 early-stage founders in fundraising and market strategy for more than 9 years.,Fundraising,Market Strategy,Renewable Energy,CleanTech,
28,Dana Weiss,dana.weiss@gmail.com,3,Lead Threat Detection at Page Ltd,"Manager at Newman, Hunt and Sutton for 3 years",MBA in Business from West Loriville University,"Threat Detection, Data Protection, Compliance",Enjoys mentoring teams facing data protection challenges in the cybersecurity industry.,I’ve helped organizations design resilient security systems to reduce data risks. Recently I’ve focused on threat detection and data protection to help organizations in the cybersecurity sector thrive.,Guided over 23 early-stage founders in threat detection and data protection for more than 4 years.,Threat Detection,Data Protection,Compliance,CyberSecurity,
29,Nadav Niv,nadav.niv@gmail.com,5,"VP of Market Strategy at George, James and Khan",Lead at Lee Group for 2 years,MSc in Business from Catherinemouth University,"Market Strategy, Operations, Fundraising",Focuses on practical strategies to boost market strategy and fundraising for cleantech ventures.,I’m passionate about bringing innovative sustainable energy solutions to startups. Recently I’ve focused on market strategy and operations to help organizations in the cleantech sector thrive.,Helped 23 entrepreneurs refine their approach to market strategy and operations while scaling their ventures over 12 years.,Market Strategy,Operations,Fundraising,CleanTech,
30,Itai Goldman,itai.goldman@gmail.com,5,CEO at DevOps at Kelly-Harris,"Lead at Jones, Miller and Howe for 4 years",BSc in Business from West Craig University,"DevOps, Cloud Architecture, Customer Success",Enjoys mentoring teams facing cloud architecture challenges in the saas industry.,I focus on scaling software-as-a-service platforms to meet enterprise demands. Recently I’ve focused on devops and cloud architecture to help organizations in the saas sector thrive.,Guided over 18 early-stage founders in devops and cloud architecture for more than 8 years.,DevOps,Cloud Architecture,Customer Success,SaaS,
31,Eli Aloni,eli.aloni@gmail.com,2,"CTO at Operations at Price, Ruiz and White","Director at Smith, Hancock and Smith for 4 years",MSc in Economics from Kellyborough University,"Operations, Renewable Energy, Sustainability",Committed to supporting innovation in cleantech with expertise in operations and renewable energy.,I’m passionate about bringing innovative sustainable energy solutions to startups. Recently I’ve focused on operations and renewable energy to help organizations in the cleantech sector thrive.,Supported 25 business founders in achieving excellence in operations and overcoming renewable energy challenges for 12 years.,Operations,Renewable Energy,Sustainability,CleanTech,
32,Alon Aloni,alon.aloni@gmail.com,4,Principal Teacher Training at Price-Scott,Director at Ross-Baker for 5 years,BSc in Computer Science from Peterville University,"Teacher Training, Assessment Tools, Learning Design",Passionate about helping edtech startups improve teacher training and assessment tools.,I’ve guided edtech founders on building engaging learning platforms for diverse audiences. Recently I’ve focused on teacher training and assessment tools to help organizations in the edtech sector thrive.,Supported 12 business founders in achieving excellence in teacher training and overcoming assessment tools challenges for 6 years.,Teacher Training,Assessment Tools,Learning Design,EdTech,
33,Amir Raz,amir.raz@gmail.com,3,"CEO at Route Optimization at Rogers, Mendez and Peters",Manager at Trevino Inc for 4 years,BSc in Engineering from Port Philliphaven University,"Route Optimization, Inventory Management, Last Mile Delivery",Committed to supporting innovation in logistics with expertise in route optimization and inventory management.,I’ve supported supply-chain leaders in optimizing routes and improving efficiency. Recently I’ve focused on route optimization and inventory management to help organizations in the logistics sector thrive.,Guided over 14 early-stage founders in route optimization and inventory management for more than 8 years.,Route Optimization,Inventory Management,Last Mile Delivery,Logistics,
34,Yael Amiel,yael.amiel@gmail.com,3,"Lead Model Training at Duffy, Henry and Dunn",Manager at Washington Ltd for 6 years,MBA in Economics from South Traceyland University,"Model Training, Prompt Engineering, MLOps",Focuses on practical strategies to boost model training and mlops for ai/ml ventures.,I focus on building and deploying machine learning models that solve business challenges. Recently I’ve focused on model training and prompt engineering to help organizations in the ai/ml sector thrive.,Guided over 30 early-stage founders in model training and prompt engineering for more than 7 years.,Model Training,Prompt Engineering,MLOps,AI/ML,
35,Neta Weiss,neta.weiss@gmail.com,5,Lead Deployment at Scale at Turner-Nelson,Manager at Golden-Mitchell for 2 years,MBA in Business from New Calvin University,"Deployment at Scale, Data Labeling, Prompt Engineering",Passionate about helping ai/ml startups improve deployment at scale and data labeling.,I focus on building and deploying machine learning models that solve business challenges. Recently I’ve focused on deployment at scale and data labeling to help organizations in the ai/ml sector thrive.,Supported 18 business founders in achieving excellence in deployment at scale and overcoming data labeling challenges for 10 years.,Deployment at Scale,Data Labeling,Prompt Engineering,AI/ML,
36,Neta Goldman,neta.goldman@gmail.com,5,Principal Compliance at Hughes-Simpson,Lead at Harris-Frey for 5 years,MBA in Design from Bartonland University,"Compliance, Payment Systems, Data Analytics",Believes that great outcomes in fintech come from strong compliance and data analytics.,I’ve spent years building secure and compliant financial products that scale globally. Recently I’ve focused on compliance and payment systems to help organizations in the fintech sector thrive.,Guided over 16 early-stage founders in compliance and payment systems for more than 12 years.,Compliance,Payment Systems,Data Analytics,FinTech,
37,Noa Peretz,noa.peretz@gmail.com,5,"CEO at Learning Design at Vincent, Hill and Collins",Lead at Barker Group for 5 years,MSc in Business from Kristinton University,"Learning Design, Teacher Training, Gamification",Committed to supporting innovation in edtech with expertise in learning design and teacher training.,I’ve guided edtech founders on building engaging learning platforms for diverse audiences. Recently I’ve focused on learning design and teacher training to help organizations in the edtech sector thrive.,Helped 33 entrepreneurs refine their approach to learning design and teacher training while scaling their ventures over 8 years.,Learning Design,Teacher Training,Gamification,EdTech,
38,Gal Katz,gal.katz@gmail.com,2,Lead Supply Chain at Thompson Ltd,"Manager at Adams, Butler and Manning for 6 years",BSc in Computer Science from West Felicia University,"Supply Chain, Data Analysis, Climate Impact",Passionate about helping agritech startups improve supply chain and data analysis.,I specialize in applying data and automation to modernize agricultural processes. Recently I’ve focused on supply chain and data analysis to help organizations in the agritech sector thrive.,Supported 28 business founders in achieving excellence in supply chain and overcoming data analysis challenges for 12 years.,Supply Chain,Data Analysis,Climate Impact,AgriTech,
39,Eli Cohen,eli.cohen@gmail.com,2,"Lead Sustainability at Gilmore, Simmons and Hart","Director at Pratt, Pacheco and Robinson for 2 years",MSc in Computer Science from South Michelleville University,"Sustainability, Market Strategy, Fundraising",Focuses on practical strategies to boost sustainability and fundraising for cleantech ventures.,I’m passionate about bringing innovative sustainable energy solutions to startups. Recently I’ve focused on sustainability and market strategy to help organizations in the cleantech sector thrive.,Coached 10 innovation managers and tech leaders on sustainability and market strategy throughout 6 years.,Sustainability,Market Strategy,Fundraising,CleanTech,
40,Rotem Shoham,rotem.shoham@gmail.com,5,Lead Incident Response at Weber-Arias,Lead at Simon-Allen for 5 years,MBA in Computer Science from New Marthaville University,"Incident Response, Compliance, Threat Detection",Focuses on practical strategies to boost incident response and threat detection for cybersecurity ventures.,I’ve helped organizations design resilient security systems to reduce data risks. Recently I’ve focused on incident response and compliance to help organizations in the cybersecurity sector thrive.,Advised 23 growth-stage startups on incident response and compliance across 7 years of mentorship.,Incident Response,Compliance,Threat Detection,CyberSecurity,
41,Ofir Goren,ofir.goren@gmail.com,2,CEO at UX/UI at Morrison-Lewis,Lead at Gomez PLC for 5 years,MSc in Business from Beckerside University,"UX/UI, Conversion Optimization, Digital Marketing",Believes that great outcomes in e-commerce come from strong ux/ui and digital marketing.,I’ve helped leading online retailers improve growth and optimize digital operations. Recently I’ve focused on ux/ui and conversion optimization to help organizations in the e-commerce sector thrive.,Supported 32 business founders in achieving excellence in ux/ui and overcoming conversion optimization challenges for 8 years.,UX/UI,Conversion Optimization,Digital Marketing,E-commerce,
42,Dana Shapiro,dana.shapiro@gmail.com,4,CEO at UX/UI at Gray LLC,"Director at Kennedy, Davis and Crawford for 2 years",BSc in Business from Harringtonside University,"UX/UI, Conversion Optimization, SEO",Passionate about helping e-commerce startups improve ux/ui and conversion optimization.,I’ve helped leading online retailers improve growth and optimize digital operations. Recently I’ve focused on ux/ui and conversion optimization to help organizations in the e-commerce sector thrive.,Helped 33 entrepreneurs refine their approach to ux/ui and conversion optimization while scaling their ventures over 11 years.,UX/UI,Conversion Optimization,SEO,E-commerce,
43,Roni Katz,roni.katz@gmail.com,2,"CEO at Precision Agriculture at Lawson, Blevins and Carrillo",Lead at Arroyo-Gonzalez for 2 years,MBA in Design from Lake Michaelchester University,"Precision Agriculture, Data Analysis, Supply Chain",Enjoys mentoring teams facing data analysis challenges in the agritech industry.,I specialize in applying data and automation to modernize agricultural processes. Recently I’ve focused on precision agriculture and data analysis to help organizations in the agritech sector thrive.,Helped 19 entrepreneurs refine their approach to precision agriculture and data analysis while scaling their ventures over 7 years.,Precision Agriculture,Data Analysis,Supply Chain,AgriTech,
44,Tamar Segal,tamar.segal@gmail.com,4,Head of Incident Response at Griffin and Sons,"Director at Richardson, Long and Watson for 2 years",BSc in Engineering from Saraport University,"Incident Response, Data Protection, Threat Detection",Committed to supporting innovation in cybersecurity with expertise in incident response and data protection.,I’ve helped organizations design resilient security systems to reduce data risks. Recently I’ve focused on incident response and data protection to help organizations in the cybersecurity sector thrive.,Advised 25 growth-stage startups on incident response and data protection across 10 years of mentorship.,Incident Response,Data Protection,Threat Detection,CyberSecurity,
45,Itai Lazar,itai.lazar@gmail.com,3,CTO at Compliance at Smith LLC,"Lead at Trevino, Brown and Davidson for 4 years",MBA in Economics from Danielsstad University,"Compliance, APIs, Payment Systems",Passionate about helping fintech startups improve compliance and apis.,I’ve spent years building secure and compliant financial products that scale globally. Recently I’ve focused on compliance and apis to help organizations in the fintech sector thrive.,Provided hands-on mentoring to 14 product teams improving compliance and scaling apis during 9 years.,Compliance,APIs,Payment Systems,FinTech,
46,Ofir Rosen,ofir.rosen@gmail.com,1,Principal Zero Trust at Smith LLC,Director at Hanna Inc for 3 years,MSc in Business from South Lancemouth University,"Zero Trust, Incident Response, Data Protection",Enjoys mentoring teams facing incident response challenges in the cybersecurity industry.,I’ve helped organizations design resilient security systems to reduce data risks. Recently I’ve focused on zero trust and incident response to help organizations in the cybersecurity sector thrive.,Provided hands-on mentoring to 22 product teams improving zero trust and scaling incident response during 3 years.,Zero Trust,Incident Response,Data Protection,CyberSecurity,
47,Rotem Eldar,rotem.eldar@gmail.com,1,"Lead Data Protection at Miller, Ward and Myers","Manager at Turner, Mccoy and Smith for 3 years",MBA in Computer Science from East John University,"Data Protection, Threat Detection, Incident Response",Passionate about helping cybersecurity startups improve data protection and threat detection.,I’ve helped organizations design resilient security systems to reduce data risks. Recently I’ve focused on data protection and threat detection to help organizations in the cybersecurity sector thrive.,Advised 12 growth-stage startups on data protection and threat detection across 12 years of mentorship.,Data Protection,Threat Detection,Incident Response,CyberSecurity,
48,Ofir Katz,ofir.katz@gmail.com,5,Head of Route Optimization at Hatfield-Sullivan,Manager at Ayers-Rogers for 4 years,MSc in Economics from West Kennethtown University,"Route Optimization, Last Mile Delivery, Procurement",Focuses on practical strategies to boost route optimization and procurement for logistics ventures.,I’ve supported supply-chain leaders in optimizing routes and improving efficiency. Recently I’ve focused on route optimization and last mile delivery to help organizations in the logistics sector thrive.,Advised 22 growth-stage startups on route optimization and last mile delivery across 5 years of mentorship.,Route Optimization,Last Mile Delivery,Procurement,Logistics,
49,Dana Tal,dana.tal@gmail.com,2,Lead Market Strategy at Perry-Randolph,"Lead at Harris, Riley and Collins for 5 years",MBA in Business from West Sandra University,"Market Strategy, Operations, Fundraising",Focuses on practical strategies to boost market strategy and fundraising for cleantech ventures.,I’m passionate about bringing innovative sustainable energy solutions to startups. Recently I’ve focused on market strategy and operations to help organizations in the cleantech sector thrive.,Guided over 19 early-stage founders in market strategy and operations for more than 11 years.,Market Strategy,Operations,Fundraising,CleanTech,
50,Keren Rosen,keren.rosen@gmail.com,1,"Head of User Research at Campbell, Sanchez and Myers",Director at Madden Inc for 3 years,MSc in Economics from South Julie University,"User Research, Clinical Trials, Telemedicine",Passionate about helping healthtech startups improve user research and clinical trials.,I work on integrating healthcare needs with technology to improve patient outcomes. Recently I’ve focused on user research and clinical trials to help organizations in the healthtech sector thrive.,Coached 20 innovation managers and tech leaders on user research and clinical trials throughout 11 years.,User Research,Clinical Trials,Telemedicine,HealthTech,
51,Amir Goren,amir.goren@gmail.com,5,Lead Zero Trust at Le-Cherry,Director at Gonzalez Inc for 6 years,BSc in Design from South Angelicaville University,"Zero Trust, Threat Detection, Incident Response",Passionate about helping cybersecurity startups improve zero trust and threat detection.,I’ve helped organizations design resilient security systems to reduce data risks. Recently I’ve focused on zero trust and threat detection to help organizations in the cybersecurity sector thrive.,Supported 31 business founders in achieving excellence in zero trust and overcoming threat detection challenges for 9 years.,Zero Trust,Threat Detection,Incident Response,CyberSecurity,
52,Adi Raz,adi.raz@gmail.com,4,CTO at APIs at Robinson Inc,"Director at Sanchez, Wall and Henderson for 5 years",MBA in Economics from Davisburgh University,"APIs, Data Analytics, Payment Systems",Passionate about helping fintech startups improve apis and data analytics.,I’ve spent years building secure and compliant financial products that scale globally. Recently I’ve focused on apis and data analytics to help organizations in the fintech sector thrive.,Advised 13 growth-stage startups on apis and data analytics across 12 years of mentorship.,APIs,Data Analytics,Payment Systems,FinTech,
53,Eli Katz,eli.katz@gmail.com,1,Principal Deployment at Scale at Williams-Ortega,Lead at Ford-Grimes for 5 years,MBA in Business from East James University,"Deployment at Scale, Model Training, Data Labeling",Believes that great outcomes in ai/ml come from strong deployment at scale and data labeling.,I focus on building and deploying machine learning models that solve business challenges. Recently I’ve focused on deployment at scale and model training to help organizations in the ai/ml sector thrive.,Guided over 30 early-stage founders in deployment at scale and model training for more than 5 years.,Deployment at Scale,Model Training,Data Labeling,AI/ML,
54,Maya Shoham,maya.shoham@gmail.com,4,"CEO at Compliance at Harrison, Peters and Martinez","Manager at Kidd, Moon and Nelson for 5 years",MSc in Computer Science from New Adrianburgh University,"Compliance, APIs, Payment Systems",Believes that great outcomes in fintech come from strong compliance and payment systems.,I’ve spent years building secure and compliant financial products that scale globally. Recently I’ve focused on compliance and apis to help organizations in the fintech sector thrive.,Coached 24 innovation managers and tech leaders on compliance and apis throughout 3 years.,Compliance,APIs,Payment Systems,FinTech,
55,Or Mizrahi,or.mizrahi@gmail.com,1,CTO at Precision Agriculture at Odonnell Inc,Manager at Todd-Quinn for 6 years,MSc in Design from East Tabithaville University,"Precision Agriculture, Data Analysis, Supply Chain",Enjoys mentoring teams facing data analysis challenges in the agritech industry.,I specialize in applying data and automation to modernize agricultural processes. Recently I’ve focused on precision agriculture and data analysis to help organizations in the agritech sector thrive.,Advised 20 growth-stage startups on precision agriculture and data analysis across 12 years of mentorship.,Precision Agriculture,Data Analysis,Supply Chain,AgriTech,
56,Yonatan Sela,yonatan.sela@gmail.com,4,Principal Risk Management at Murphy PLC,"Lead at Morris, Williams and Brown for 3 years",MBA in Design from Stephaniemouth University,"Risk Management, Data Analytics, Payment Systems",Committed to supporting innovation in fintech with expertise in risk management and data analytics.,I’ve spent years building secure and compliant financial products that scale globally. Recently I’ve focused on risk management and data analytics to help organizations in the fintech sector thrive.,Guided over 10 early-stage founders in risk management and data analytics for more than 3 years.,Risk Management,Data Analytics,Payment Systems,FinTech,
57,Keren Lazar,keren.lazar@gmail.com,4,Lead Last Mile Delivery at Vaughan Inc,"Lead at Garza, Vazquez and Church for 2 years",BSc in Design from Joeport University,"Last Mile Delivery, Warehouse Automation, Inventory Management",Enjoys mentoring teams facing warehouse automation challenges in the logistics industry.,I’ve supported supply-chain leaders in optimizing routes and improving efficiency. Recently I’ve focused on last mile delivery and warehouse automation to help organizations in the logistics sector thrive.,Guided over 26 early-stage founders in last mile delivery and warehouse automation for more than 12 years.,Last Mile Delivery,Warehouse Automation,Inventory Management,Logistics,
58,Maya Goldman,maya.goldman@gmail.com,2,"CEO at Customer Success at Stevenson, Nicholson and Webb",Director at Frye-Coffey for 3 years,MSc in Design from Benitezhaven University,"Customer Success, Cloud Architecture, Scalability",Committed to supporting innovation in saas with expertise in customer success and cloud architecture.,I focus on scaling software-as-a-service platforms to meet enterprise demands. Recently I’ve focused on customer success and cloud architecture to help organizations in the saas sector thrive.,Supported 8 business founders in achieving excellence in customer success and overcoming cloud architecture challenges for 6 years.,Customer Success,Cloud Architecture,Scalability,SaaS,
59,Sivan BenDavid,sivan.bendavid@gmail.com,3,CEO at Precision Agriculture at Cole Inc,"Director at Jones, Gardner and Walker for 5 years",MBA in Engineering from Ramirezmouth University,"Precision Agriculture, Supply Chain, IoT Sensors",Focuses on practical strategies to boost precision agriculture and iot sensors for agritech ventures.,I specialize in applying data and automation to modernize agricultural processes. Recently I’ve focused on precision agriculture and supply chain to help organizations in the agritech sector thrive.,Guided over 28 early-stage founders in precision agriculture and supply chain for more than 10 years.,Precision Agriculture,Supply Chain,IoT Sensors,AgriTech,
60,Yonatan Katz,yonatan.katz@gmail.com,3,Head of Risk Management at Goodman and Sons,Manager at Williams-Allen for 6 years,MSc in Economics from Laurenbury University,"Risk Management, Data Analytics, APIs",Believes that great outcomes in fintech come from strong risk management and apis.,I’ve spent years building secure and compliant financial products that scale globally. Recently I’ve focused on risk management and data analytics to help organizations in the fintech sector thrive.,Supported 11 business founders in achieving excellence in risk management and overcoming data analytics challenges for 3 years.,Risk Management,Data Analytics,APIs,FinTech,
61,Roni Sela,roni.sela@gmail.com,2,CEO at Cloud Architecture at Benitez-Garcia,Director at Gregory Inc for 4 years,MBA in Business from Martinezfort University,"Cloud Architecture, DevOps, Customer Success",Committed to supporting innovation in saas with expertise in cloud architecture and devops.,I focus on scaling software-as-a-service platforms to meet enterprise demands. Recently I’ve focused on cloud architecture and devops to help organizations in the saas sector thrive.,Supported 8 business founders in achieving excellence in cloud architecture and overcoming devops challenges for 4 years.,Cloud Architecture,DevOps,Customer Success,SaaS,
62,Eli Mizrahi,eli.mizrahi@gmail.com,4,"VP of Conversion Optimization at Jackson, Farmer and Hernandez",Manager at Klein-Olsen for 6 years,BSc in Economics from Mccormickberg University,"Conversion Optimization, Digital Marketing, Supply Chain",Enjoys mentoring teams facing digital marketing challenges in the e-commerce industry.,I’ve helped leading online retailers improve growth and optimize digital operations. Recently I’ve focused on conversion optimization and digital marketing to help organizations in the e-commerce sector thrive.,Supported 16 business founders in achieving excellence in conversion optimization and overcoming digital marketing challenges for 7 years.,Conversion Optimization,Digital Marketing,Supply Chain,E-commerce,
63,Yossi Shoham,yossi.shoham@gmail.com,1,CEO at Data Labeling at Russell-Guerra,Director at Mclaughlin PLC for 6 years,MBA in Computer Science from New Jasonport University,"Data Labeling, MLOps, Prompt Engineering",Passionate about helping ai/ml startups improve data labeling and mlops.,I focus on building and deploying machine learning models that solve business challenges. Recently I’ve focused on data labeling and mlops to help organizations in the ai/ml sector thrive.,Helped 19 entrepreneurs refine their approach to data labeling and mlops while scaling their ventures over 3 years.,Data Labeling,MLOps,Prompt Engineering,AI/ML,
64,Shani Shalev,shani.shalev@gmail.com,1,CTO at MLOps at Schaefer-Lopez,Manager at Snyder PLC for 3 years,BSc in Computer Science from Jordanchester University,"MLOps, Data Labeling, Prompt Engineering",Enjoys mentoring teams facing data labeling challenges in the ai/ml industry.,I focus on building and deploying machine learning models that solve business challenges. Recently I’ve focused on mlops and data labeling to help organizations in the ai/ml sector thrive.,Advised 35 growth-stage startups on mlops and data labeling across 12 years of mentorship.,MLOps,Data Labeling,Prompt Engineering,AI/ML,
65,Zohar Niv,zohar.niv@gmail.com,5,CTO at Route Optimization at Cochran and Sons,Lead at Powell Group for 6 years,BSc in Business from Porterfort University,"Route Optimization, Inventory Management, Procurement",Focuses on practical strategies to boost route optimization and procurement for logistics ventures.,I’ve supported supply-chain leaders in optimizing routes and improving efficiency. Recently I’ve focused on route optimization and inventory management to help organizations in the logistics sector thrive.,Coached 28 innovation managers and tech leaders on route optimization and inventory management throughout 11 years.,Route Optimization,Inventory Management,Procurement,Logistics,
66,Roni Peretz,roni.peretz@gmail.com,4,VP of DevOps at Acosta-Perry,Manager at Miller PLC for 2 years,MSc in Design from Johnsonberg University,"DevOps, Scalability, Product Strategy",Passionate about helping saas startups improve devops and scalability.,I focus on scaling software-as-a-service platforms to meet enterprise demands. Recently I’ve focused on devops and scalability to help organizations in the saas sector thrive.,Coached 33 innovation managers and tech leaders on devops and scalability throughout 7 years.,DevOps,Scalability,Product Strategy,SaaS,
67,Shani Aloni,shani.aloni@gmail.com,2,"Head of Prompt Engineering at Howard, Marks and Soto","Director at Campbell, Dominguez and Moore for 2 years",BSc in Computer Science from West Rhondaborough University,"Prompt Engineering, Data Labeling, Model Training",Passionate about helping ai/ml startups improve prompt engineering and data labeling.,I focus on building and deploying machine learning models that solve business challenges. Recently I’ve focused on prompt engineering and data labeling to help organizations in the ai/ml sector thrive.,Supported 27 business founders in achieving excellence in prompt engineering and overcoming data labeling challenges for 6 years.,Prompt Engineering,Data Labeling,Model Training,AI/ML,
68,Ofir Lazar,ofir.lazar@gmail.com,2,"Principal Product-Market Fit at Taylor, Henderson and Byrd","Director at Guerrero, Vargas and Morgan for 6 years",MBA in Design from New Ryan University,"Product-Market Fit, Clinical Trials, Regulatory Compliance",Passionate about helping healthtech startups improve product-market fit and clinical trials.,I work on integrating healthcare needs with technology to improve patient outcomes. Recently I’ve focused on product-market fit and clinical trials to help organizations in the healthtech sector thrive.,Provided hands-on mentoring to 11 product teams improving product-market fit and scaling clinical trials during 4 years.,Product-Market Fit,Clinical Trials,Regulatory Compliance,HealthTech,
69,Keren Cohen,keren.cohen@gmail.com,5,"Lead Zero Trust at Stevenson, Espinoza and Crawford",Manager at Costa-Maldonado for 3 years,MSc in Engineering from Jamesborough University,"Zero Trust, Data Protection, Threat Detection",Enjoys mentoring teams facing data protection challenges in the cybersecurity industry.,I’ve helped organizations design resilient security systems to reduce data risks. Recently I’ve focused on zero trust and data protection to help organizations in the cybersecurity sector thrive.,Guided over 32 early-stage founders in zero trust and data protection for more than 3 years.,Zero Trust,Data Protection,Threat Detection,CyberSecurity,
70,Maya Cohen,maya.cohen@gmail.com,3,"Lead Data Protection at Young, Carroll and Williams","Lead at Petersen, Kirby and Salas for 5 years",BSc in Computer Science from Lake Christine University,"Data Protection, Compliance, Zero Trust",Committed to supporting innovation in cybersecurity with expertise in data protection and compliance.,I’ve helped organizations design resilient security systems to reduce data risks. Recently I’ve focused on data protection and compliance to help organizations in the cybersecurity sector thrive.,Guided over 18 early-stage founders in data protection and compliance for more than 12 years.,Data Protection,Compliance,Zero Trust,CyberSecurity,
71,Eli Peretz,eli.peretz@gmail.com,3,"Lead Mobile App Development at Davis, Johnson and Henderson",Director at Bell Ltd for 2 years,MBA in Economics from East Melindahaven University,"Mobile App Development, Teacher Training, Gamification",Enjoys mentoring teams facing teacher training challenges in the edtech industry.,I’ve guided edtech founders on building engaging learning platforms for diverse audiences. Recently I’ve focused on mobile app development and teacher training to help organizations in the edtech sector thrive.,Provided hands-on mentoring to 27 product teams improving mobile app development and scaling teacher training during 9 years.,Mobile App Development,Teacher Training,Gamification,EdTech,
72,Eli Levi,eli.levi@gmail.com,3,CTO at Renewable Energy at Schultz Inc,Director at Ross-Sanchez for 2 years,MBA in Business from Tuckertown University,"Renewable Energy, Sustainability, Fundraising",Believes that great outcomes in cleantech come from strong renewable energy and fundraising.,I’m passionate about bringing innovative sustainable energy solutions to startups. Recently I’ve focused on renewable energy and sustainability to help organizations in the cleantech sector thrive.,Provided hands-on mentoring to 19 product teams improving renewable energy and scaling sustainability during 7 years.,Renewable Energy,Sustainability,Fundraising,CleanTech,
73,Tamar Goldman,tamar.goldman@gmail.com,3,Head of Compliance at Brown Ltd,"Director at Daniel, Clements and Mcneil for 5 years",MBA in Design from South Williamstad University,"Compliance, Risk Management, APIs",Focuses on practical strategies to boost compliance and apis for fintech ventures.,I’ve spent years building secure and compliant financial products that scale globally. Recently I’ve focused on compliance and risk management to help organizations in the fintech sector thrive.,Advised 9 growth-stage startups on compliance and risk management across 6 years of mentorship.,Compliance,Risk Management,APIs,FinTech,
74,Tamar Goren,tamar.goren@gmail.com,4,"Lead MLOps at Hunt, Fischer and Park",Director at Peterson PLC for 2 years,MBA in Engineering from Mcgeeberg University,"MLOps, Deployment at Scale, Model Training",Passionate about helping ai/ml startups improve mlops and deployment at scale.,I focus on building and deploying machine learning models that solve business challenges. Recently I’ve focused on mlops and deployment at scale to help organizations in the ai/ml sector thrive.,Provided hands-on mentoring to 13 product teams improving mlops and scaling deployment at scale during 5 years.,MLOps,Deployment at Scale,Model Training,AI/ML,
75,Roni Weiss,roni.weiss@gmail.com,3,CEO at Last Mile Delivery at Decker and Sons,Lead at Nelson-Terry for 3 years,BSc in Computer Science from New Stephaniefort University,"Last Mile Delivery, Route Optimization, Procurement",Enjoys mentoring teams facing route optimization challenges in the logistics industry.,I’ve supported supply-chain leaders in optimizing routes and improving efficiency. Recently I’ve focused on last mile delivery and route optimization to help organizations in the logistics sector thrive.,Helped 13 entrepreneurs refine their approach to last mile delivery and route optimization while scaling their ventures over 11 years.,Last Mile Delivery,Route Optimization,Procurement,Logistics,
76,Rotem Shalev,rotem.shalev@gmail.com,3,CTO at Market Strategy at Parker-Allen,Lead at Garner LLC for 6 years,MBA in Computer Science from East Toni University,"Market Strategy, Renewable Energy, Operations",Believes that great outcomes in cleantech come from strong market strategy and operations.,I’m passionate about bringing innovative sustainable energy solutions to startups. Recently I’ve focused on market strategy and renewable energy to help organizations in the cleantech sector thrive.,Provided hands-on mentoring to 23 product teams improving market strategy and scaling renewable energy during 9 years.,Market Strategy,Renewable Energy,Operations,CleanTech,
77,Shira Levi,shira.levi@gmail.com,5,CEO at Sustainability at Weaver Inc,Lead at Sanders LLC for 5 years,BSc in Computer Science from Lake Shaun University,"Sustainability, Fundraising, Market Strategy",Enjoys mentoring teams facing fundraising challenges in the cleantech industry.,I’m passionate about bringing innovative sustainable energy solutions to startups. Recently I’ve focused on sustainability and fundraising to help organizations in the cleantech sector thrive.,Guided over 11 early-stage founders in sustainability and fundraising for more than 4 years.,Sustainability,Fundraising,Market Strategy,CleanTech,
78,Shani Lazar,shani.lazar@gmail.com,1,Lead Product-Market Fit at Bennett Inc,Lead at Kirby and Sons for 4 years,MBA in Business from Grahamland University,"Product-Market Fit, User Research, Regulatory Compliance",Passionate about helping healthtech startups improve product-market fit and user research.,I work on integrating healthcare needs with technology to improve patient outcomes. Recently I’ve focused on product-market fit and user research to help organizations in the healthtech sector thrive.,Advised 11 growth-stage startups on product-market fit and user research across 4 years of mentorship.,Product-Market Fit,User Research,Regulatory Compliance,HealthTech,
79,Sivan Cohen,sivan.cohen@gmail.com,4,"CTO at Market Strategy at Gomez, Daniels and Odonnell",Director at Baker-Holmes for 3 years,BSc in Computer Science from West Anthonystad University,"Market Strategy, Sustainability, Fundraising",Committed to supporting innovation in cleantech with expertise in market strategy and sustainability.,I’m passionate about bringing innovative sustainable energy solutions to startups. Recently I’ve focused on market strategy and sustainability to help organizations in the cleantech sector thrive.,Guided over 8 early-stage founders in market strategy and sustainability for more than 6 years.,Market Strategy,Sustainability,Fundraising,CleanTech,
80,Rotem Tal,rotem.tal@gmail.com,4,"VP of Conversion Optimization at Brown, Lam and Williamson","Director at Harris, Smith and Jackson for 6 years",BSc in Design from Kathrynside University,"Conversion Optimization, UX/UI, Supply Chain",Focuses on practical strategies to boost conversion optimization and supply chain for e-commerce ventures.,I’ve helped leading online retailers improve growth and optimize digital operations. Recently I’ve focused on conversion optimization and ux/ui to help organizations in the e-commerce sector thrive.,Guided over 10 early-stage founders in conversion optimization and ux/ui for more than 10 years.,Conversion Optimization,UX/UI,Supply Chain,E-commerce,
81,Sivan Rimon,sivan.rimon@gmail.com,1,Head of Model Training at Garner-Miller,"Lead at Houston, Green and Lee for 3 years",MBA in Business from Williamston University,"Model Training, Deployment at Scale, Data Labeling",Enjoys mentoring teams facing deployment at scale challenges in the ai/ml industry.,I focus on building and deploying machine learning models that solve business challenges. Recently I’ve focused on model training and deployment at scale to help organizations in the ai/ml sector thrive.,Supported 35 business founders in achieving excellence in model training and overcoming deployment at scale challenges for 12 years.,Model Training,Deployment at Scale,Data Labeling,AI/ML,
82,Erez Aloni,erez.aloni@gmail.com,1,CEO at Prompt Engineering at Johnson Group,"Manager at Floyd, Dalton and Hudson for 4 years",BSc in Design from New Brianchester University,"Prompt Engineering, MLOps, Data Labeling",Enjoys mentoring teams facing mlops challenges in the ai/ml industry.,I focus on building and deploying machine learning models that solve business challenges. Recently I’ve focused on prompt engineering and mlops to help organizations in the ai/ml sector thrive.,Coached 28 innovation managers and tech leaders on prompt engineering and mlops throughout 9 years.,Prompt Engineering,MLOps,Data Labeling,AI/ML,
83,Hila Eldar,hila.eldar@gmail.com,5,Head of Cloud Architecture at Taylor-Zhang,Lead at Goodman-Ballard for 2 years,BSc in Engineering from West Timothytown University,"Cloud Architecture, Product Strategy, Customer Success",Passionate about helping saas startups improve cloud architecture and product strategy.,I focus on scaling software-as-a-service platforms to meet enterprise demands. Recently I’ve focused on cloud architecture and product strategy to help organizations in the saas sector thrive.,Helped 12 entrepreneurs refine their approach to cloud architecture and product strategy while scaling their ventures over 5 years.,Cloud Architecture,Product Strategy,Customer Success,SaaS,
84,Gal Segal,gal.segal@gmail.com,1,VP of Customer Success at Rosario-Rodriguez,Manager at Best LLC for 5 years,MBA in Engineering from Noblefurt University,"Customer Success, Cloud Architecture, Scalability",Enjoys mentoring teams facing cloud architecture challenges in the saas industry.,I focus on scaling software-as-a-service platforms to meet enterprise demands. Recently I’ve focused on customer success and cloud architecture to help organizations in the saas sector thrive.,Helped 25 entrepreneurs refine their approach to customer success and cloud architecture while scaling their ventures over 8 years.,Customer Success,Cloud Architecture,Scalability,SaaS,
85,Roni Tal,roni.tal@gmail.com,5,"Lead DevOps at Jones, Pratt and Melendez",Director at Johnson and Sons for 2 years,MBA in Design from Port Jasonbury University,"DevOps, Customer Success, Scalability",Committed to supporting innovation in saas with expertise in devops and customer success.,I focus on scaling software-as-a-service platforms to meet enterprise demands. Recently I’ve focused on devops and customer success to help organizations in the saas sector thrive.,Helped 12 entrepreneurs refine their approach to devops and customer success while scaling their ventures over 5 years.,DevOps,Customer Success,Scalability,SaaS,
86,Shira Weiss,shira.weiss@gmail.com,5,"VP of Renewable Energy at Molina, Combs and Torres",Director at Robinson-Nelson for 6 years,MBA in Design from Port Miguelfurt University,"Renewable Energy, Fundraising, Market Strategy",Focuses on practical strategies to boost renewable energy and market strategy for cleantech ventures.,I’m passionate about bringing innovative sustainable energy solutions to startups. Recently I’ve focused on renewable energy and fundraising to help organizations in the cleantech sector thrive.,Supported 13 business founders in achieving excellence in renewable energy and overcoming fundraising challenges for 3 years.,Renewable Energy,Fundraising,Market Strategy,CleanTech,
87,Alon Shapiro,alon.shapiro@gmail.com,1,Lead IoT Sensors at Jensen-Cannon,Lead at Kane PLC for 5 years,BSc in Engineering from Gonzalezfurt University,"IoT Sensors, Supply Chain, Precision Agriculture",Enjoys mentoring teams facing supply chain challenges in the agritech industry.,I specialize in applying data and automation to modernize agricultural processes. Recently I’ve focused on iot sensors and supply chain to help organizations in the agritech sector thrive.,Supported 14 business founders in achieving excellence in iot sensors and overcoming supply chain challenges for 12 years.,IoT Sensors,Supply Chain,Precision Agriculture,AgriTech,
88,Itai Segal,itai.segal@gmail.com,2,Head of UX/UI at Morales-Villarreal,"Director at Morgan, Warner and Wilson for 3 years",BSc in Design from Ianmouth University,"UX/UI, Digital Marketing, SEO",Focuses on practical strategies to boost ux/ui and seo for e-commerce ventures.,I’ve helped leading online retailers improve growth and optimize digital operations. Recently I’ve focused on ux/ui and digital marketing to help organizations in the e-commerce sector thrive.,Helped 8 entrepreneurs refine their approach to ux/ui and digital marketing while scaling their ventures over 4 years.,UX/UI,Digital Marketing,SEO,E-commerce,
89,Keren Amiel,keren.amiel@gmail.com,2,Head of Product-Market Fit at Miller-Avila,Lead at Gonzalez LLC for 2 years,BSc in Design from South Meganland University,"Product-Market Fit, Clinical Trials, User Research",Passionate about helping healthtech startups improve product-market fit and clinical trials.,I work on integrating healthcare needs with technology to improve patient outcomes. Recently I’ve focused on product-market fit and clinical trials to help organizations in the healthtech sector thrive.,Guided over 22 early-stage founders in product-market fit and clinical trials for more than 9 years.,Product-Market Fit,Clinical Trials,User Research,HealthTech,
90,Keren Goldman,keren.goldman@gmail.com,5,"CEO at Inventory Management at Murray, Cowan and Gregory",Lead at Baker Group for 4 years,BSc in Business from East Rebecca University,"Inventory Management, Procurement, Warehouse Automation",Focuses on practical strategies to boost inventory management and warehouse automation for logistics ventures.,I’ve supported supply-chain leaders in optimizing routes and improving efficiency. Recently I’ve focused on inventory management and procurement to help organizations in the logistics sector thrive.,Helped 18 entrepreneurs refine their approach to inventory management and procurement while scaling their ventures over 11 years.,Inventory Management,Procurement,Warehouse Automation,Logistics,
91,Hila Goren,hila.goren@gmail.com,3,CTO at Market Strategy at Price LLC,Lead at Tran-Caldwell for 3 years,BSc in Economics from Markberg University,"Market Strategy, Fundraising, Operations",Committed to supporting innovation in cleantech with expertise in market strategy and fundraising.,I’m passionate about bringing innovative sustainable energy solutions to startups. Recently I’ve focused on market strategy and fundraising to help organizations in the cleantech sector thrive.,Advised 19 growth-stage startups on market strategy and fundraising across 4 years of mentorship.,Market Strategy,Fundraising,Operations,CleanTech,
92,Noa Mizrahi,noa.mizrahi@gmail.com,5,Head of Operations at Dawson-Hall,Lead at Davis Ltd for 5 years,MBA in Design from Gaymouth University,"Operations, Fundraising, Renewable Energy",Committed to supporting innovation in cleantech with expertise in operations and fundraising.,I’m passionate about bringing innovative sustainable energy solutions to startups. Recently I’ve focused on operations and fundraising to help organizations in the cleantech sector thrive.,Guided over 13 early-stage founders in operations and fundraising for more than 6 years.,Operations,Fundraising,Renewable Energy,CleanTech,
93,Omer Goldman,omer.goldman@gmail.com,3,Principal Supply Chain at Rodriguez Ltd,"Director at Li, Hayes and Simpson for 5 years",MBA in Computer Science from Anthonytown University,"Supply Chain, Data Analysis, Precision Agriculture",Enjoys mentoring teams facing data analysis challenges in the agritech industry.,I specialize in applying data and automation to modernize agricultural processes. Recently I’ve focused on supply chain and data analysis to help organizations in the agritech sector thrive.,Coached 18 innovation managers and tech leaders on supply chain and data analysis throughout 10 years.,Supply Chain,Data Analysis,Precision Agriculture,AgriTech,
94,Maya Goldman,maya.goldman@gmail.com,5,VP of Route Optimization at Cross-Miller,Director at Sandoval-Wood for 2 years,BSc in Design from West Joshualand University,"Route Optimization, Warehouse Automation, Procurement",Passionate about helping logistics startups improve route optimization and warehouse automation.,I’ve supported supply-chain leaders in optimizing routes and improving efficiency. Recently I’ve focused on route optimization and warehouse automation to help organizations in the logistics sector thrive.,Coached 17 innovation managers and tech leaders on route optimization and warehouse automation throughout 4 years.,Route Optimization,Warehouse Automation,Procurement,Logistics,
95,Yonatan Mor,yonatan.mor@gmail.com,1,VP of Zero Trust at Jones-Harvey,Manager at Stout-Parks for 2 years,MSc in Engineering from Johnnymouth University,"Zero Trust, Threat Detection, Data Protection",Passionate about helping cybersecurity startups improve zero trust and threat detection.,I’ve helped organizations design resilient security systems to reduce data risks. Recently I’ve focused on zero trust and threat detection to help organizations in the cybersecurity sector thrive.,Coached 10 innovation managers and tech leaders on zero trust and threat detection throughout 4 years.,Zero Trust,Threat Detection,Data Protection,CyberSecurity,
96,Maya Raz,maya.raz@gmail.com,3,"Principal SEO at Perez, Rogers and Hunter",Manager at Wilkins Ltd for 6 years,BSc in Design from Lake Derrickburgh University,"SEO, UX/UI, Digital Marketing",Enjoys mentoring teams facing ux/ui challenges in the e-commerce industry.,I’ve helped leading online retailers improve growth and optimize digital operations. Recently I’ve focused on seo and ux/ui to help organizations in the e-commerce sector thrive.,Helped 31 entrepreneurs refine their approach to seo and ux/ui while scaling their ventures over 11 years.,SEO,UX/UI,Digital Marketing,E-commerce,
97,Noa Bar,noa.bar@gmail.com,3,Lead Teacher Training at Miller and Sons,Director at Richardson-Leonard for 5 years,BSc in Design from New Jessicaburgh University,"Teacher Training, Gamification, Mobile App Development",Passionate about helping edtech startups improve teacher training and gamification.,I’ve guided edtech founders on building engaging learning platforms for diverse audiences. Recently I’ve focused on teacher training and gamification to help organizations in the edtech sector thrive.,Provided hands-on mentoring to 34 product teams improving teacher training and scaling gamification during 5 years.,Teacher Training,Gamification,Mobile App Development,EdTech,
98,Yossi Mizrahi,yossi.mizrahi@gmail.com,3,Principal Climate Impact at Thomas PLC,Manager at Johnson Ltd for 4 years,BSc in Design from Port Laurenmouth University,"Climate Impact, Data Analysis, Precision Agriculture",Committed to supporting innovation in agritech with expertise in climate impact and data analysis.,I specialize in applying data and automation to modernize agricultural processes. Recently I’ve focused on climate impact and data analysis to help organizations in the agritech sector thrive.,Advised 8 growth-stage startups on climate impact and data analysis across 4 years of mentorship.,Climate Impact,Data Analysis,Precision Agriculture,AgriTech,
99,Gal Shalev,gal.shalev@gmail.com,2,Lead Assessment Tools at Fletcher Ltd,"Lead at Nguyen, Brooks and Knox for 2 years",MBA in Business from Simonview University,"Assessment Tools, Teacher Training, Learning Design",Focuses on practical strategies to boost assessment tools and learning design for edtech ventures.,I’ve guided edtech founders on building engaging learning platforms for diverse audiences. Recently I’ve focused on assessment tools and teacher training to help organizations in the edtech sector thrive.,Guided over 18 early-stage founders in assessment tools and teacher training for more than 8 years.,Assessment Tools,Teacher Training,Learning Design,EdTech,
100,Hila Amiel,hila.amiel@gmail.com,3,Head of Renewable Energy at Nguyen-Mcpherson,"Manager at Li, Davis and Rogers for 3 years",BSc in Engineering from Doylebury University,"Renewable Energy, Operations, Sustainability",Committed to supporting innovation in cleantech with expertise in renewable energy and operations.,I’m passionate about bringing innovative sustainable energy solutions to startups. Recently I’ve focused on renewable energy and operations to help organizations in the cleantech sector thrive.,Coached 27 innovation managers and tech leaders on renewable energy and operations throughout 7 years.,Renewable Energy,Operations,Sustainability,CleanTech,
101,Keren Katz,keren.katz@gmail.com,2,"VP of Sustainability at White, Tucker and Harvey",Manager at Cooley LLC for 3 years,MSc in Engineering from East Michael University,"Sustainability, Renewable Energy, Market Strategy",Enjoys mentoring teams facing renewable energy challenges in the cleantech industry.,I’m passionate about bringing innovative sustainable energy solutions to startups. Recently I’ve focused on sustainability and renewable energy to help organizations in the cleantech sector thrive.,Coached 21 innovation managers and tech leaders on sustainability and renewable energy throughout 8 years.,Sustainability,Renewable Energy,Market Strategy,CleanTech,
102,Itai Raz,itai.raz@gmail.com,2,Head of Digital Marketing at Harrison-Pena,Lead at Hunt and Sons for 2 years,MSc in Economics from Kathleenfurt University,"Digital Marketing, Supply Chain, Conversion Optimization",Believes that great outcomes in e-commerce come from strong digital marketing and conversion optimization.,I’ve helped leading online retailers improve growth and optimize digital operations. Recently I’ve focused on digital marketing and supply chain to help organizations in the e-commerce sector thrive.,Coached 17 innovation managers and tech leaders on digital marketing and supply chain throughout 10 years.,Digital Marketing,Supply Chain,Conversion Optimization,E-commerce,
103,Noa Goren,noa.goren@gmail.com,2,CEO at Data Labeling at Russell-Owen,Lead at Robbins Group for 4 years,MSc in Economics from North Alexisland University,"Data Labeling, Deployment at Scale, Model Training",Believes that great outcomes in ai/ml come from strong data labeling and model training.,I focus on building and deploying machine learning models that solve business challenges. Recently I’ve focused on data labeling and deployment at scale to help organizations in the ai/ml sector thrive.,Supported 31 business founders in achieving excellence in data labeling and overcoming deployment at scale challenges for 11 years.,Data Labeling,Deployment at Scale,Model Training,AI/ML,
104,Tamar Segal,tamar.segal@gmail.com,4,Principal Fundraising at Campbell-Glenn,"Lead at Miller, Luna and Rowland for 6 years",MBA in Computer Science from Mathewport University,"Fundraising, Market Strategy, Operations",Focuses on practical strategies to boost fundraising and operations for cleantech ventures.,I’m passionate about bringing innovative sustainable energy solutions to startups. Recently I’ve focused on fundraising and market strategy to help organizations in the cleantech sector thrive.,Guided over 32 early-stage founders in fundraising and market strategy for more than 11 years.,Fundraising,Market Strategy,Operations,CleanTech,
105,Dana Shalev,dana.shalev@gmail.com,3,"CEO at Cloud Architecture at Decker, Gill and Clark",Lead at Scott Inc for 3 years,BSc in Design from Michaelmouth University,"Cloud Architecture, Product Strategy, Scalability",Committed to supporting innovation in saas with expertise in cloud architecture and product strategy.,I focus on scaling software-as-a-service platforms to meet enterprise demands. Recently I’ve focused on cloud architecture and product strategy to help organizations in the saas sector thrive.,Coached 26 innovation managers and tech leaders on cloud architecture and product strategy throughout 8 years.,Cloud Architecture,Product Strategy,Scalability,SaaS,
106,Boaz Lazar,boaz.lazar@gmail.com,1,"CTO at Conversion Optimization at Wilson, Williams and Gallagher","Manager at Mathis, Strong and Mccann for 3 years",MBA in Design from South Jasonborough University,"Conversion Optimization, Supply Chain, SEO",Committed to supporting innovation in e-commerce with expertise in conversion optimization and supply chain.,I’ve helped leading online retailers improve growth and optimize digital operations. Recently I’ve focused on conversion optimization and supply chain to help organizations in the e-commerce sector thrive.,Guided over 10 early-stage founders in conversion optimization and supply chain for more than 6 years.,Conversion Optimization,Supply Chain,SEO,E-commerce,
107,Neta Raz,neta.raz@gmail.com,4,CEO at Warehouse Automation at Anderson LLC,Director at Mills PLC for 5 years,MBA in Engineering from Port Tammyburgh University,"Warehouse Automation, Route Optimization, Inventory Management",Believes that great outcomes in logistics come from strong warehouse automation and inventory management.,I’ve supported supply-chain leaders in optimizing routes and improving efficiency. Recently I’ve focused on warehouse automation and route optimization to help organizations in the logistics sector thrive.,Provided hands-on mentoring to 29 product teams improving warehouse automation and scaling route optimization during 6 years.,Warehouse Automation,Route Optimization,Inventory Management,Logistics,
108,Yael Katz,yael.katz@gmail.com,4,Lead Procurement at Hernandez-Hall,Manager at Frazier-Anderson for 5 years,BSc in Economics from Michaelchester University,"Procurement, Inventory Management, Last Mile Delivery",Committed to supporting innovation in logistics with expertise in procurement and inventory management.,I’ve supported supply-chain leaders in optimizing routes and improving efficiency. Recently I’ve focused on procurement and inventory management to help organizations in the logistics sector thrive.,Coached 34 innovation managers and tech leaders on procurement and inventory management throughout 8 years.,Procurement,Inventory Management,Last Mile Delivery,Logistics,
109,Neta Rimon,neta.rimon@gmail.com,3,VP of Regulatory Compliance at Davis-Villarreal,Lead at Rich-Harris for 5 years,MBA in Business from Sandramouth University,"Regulatory Compliance, Product-Market Fit, Telemedicine",Committed to supporting innovation in healthtech with expertise in regulatory compliance and product-market fit.,I work on integrating healthcare needs with technology to improve patient outcomes. Recently I’ve focused on regulatory compliance and product-market fit to help organizations in the healthtech sector thrive.,Helped 30 entrepreneurs refine their approach to regulatory compliance and product-market fit while scaling their ventures over 9 years.,Regulatory Compliance,Product-Market Fit,Telemedicine,HealthTech,
110,Tal Aviv,tal.aviv@gmail.com,4,VP of Scalability at Thomas-Reeves,Director at Martinez-Orr for 2 years,MSc in Computer Science from Christopherside University,"Scalability, Cloud Architecture, Customer Success",Committed to supporting innovation in saas with expertise in scalability and cloud architecture.,I focus on scaling software-as-a-service platforms to meet enterprise demands. Recently I’ve focused on scalability and cloud architecture to help organizations in the saas sector thrive.,Guided over 34 early-stage founders in scalability and cloud architecture for more than 10 years.,Scalability,Cloud Architecture,Customer Success,SaaS,
111,Noa Mor,noa.mor@gmail.com,1,Principal Data Analysis at Fisher and Sons,Manager at Mcconnell Group for 3 years,BSc in Economics from North Raymond University,"Data Analysis, Supply Chain, Precision Agriculture",Passionate about helping agritech startups improve data analysis and supply chain.,I specialize in applying data and automation to modernize agricultural processes. Recently I’ve focused on data analysis and supply chain to help organizations in the agritech sector thrive.,Provided hands-on mentoring to 30 product teams improving data analysis and scaling supply chain during 8 years.,Data Analysis,Supply Chain,Precision Agriculture,AgriTech,
112,Or Peretz,or.peretz@gmail.com,4,CEO at Deployment at Scale at Garner-Cooper,Manager at Bell-Moore for 6 years,MBA in Computer Science from East Cherylbury University,"Deployment at Scale, Prompt Engineering, Data Labeling",Committed to supporting innovation in ai/ml with expertise in deployment at scale and prompt engineering.,I focus on building and deploying machine learning models that solve business challenges. Recently I’ve focused on deployment at scale and prompt engineering to help organizations in the ai/ml sector thrive.,Coached 28 innovation managers and tech leaders on deployment at scale and prompt engineering throughout 10 years.,Deployment at Scale,Prompt Engineering,Data Labeling,AI/ML,
113,Keren Goldman,keren.goldman@gmail.com,3,Head of Prompt Engineering at Mcfarland-Sanchez,"Director at Wallace, Wheeler and Martinez for 3 years",MSc in Business from Jessicaton University,"Prompt Engineering, Model Training, MLOps",Focuses on practical strategies to boost prompt engineering and mlops for ai/ml ventures.,I focus on building and deploying machine learning models that solve business challenges. Recently I’ve focused on prompt engineering and model training to help organizations in the ai/ml sector thrive.,Provided hands-on mentoring to 18 product teams improving prompt engineering and scaling model training during 10 years.,Prompt Engineering,Model Training,MLOps,AI/ML,
114,Rotem Cohen,rotem.cohen@gmail.com,1,Principal MLOps at Wallace Ltd,Director at Ballard-Perkins for 2 years,MBA in Business from North Kenneth University,"MLOps, Data Labeling, Model Training",Passionate about helping ai/ml startups improve mlops and data labeling.,I focus on building and deploying machine learning models that solve business challenges. Recently I’ve focused on mlops and data labeling to help organizations in the ai/ml sector thrive.,Guided over 35 early-stage founders in mlops and data labeling for more than 9 years.,MLOps,Data Labeling,Model Training,AI/ML,
115,Yonatan Goldman,yonatan.goldman@gmail.com,2,Principal Deployment at Scale at Harris Inc,Manager at Wu LLC for 6 years,MSc in Computer Science from Hullberg University,"Deployment at Scale, Model Training, Data Labeling",Passionate about helping ai/ml startups improve deployment at scale and model training.,I focus on building and deploying machine learning models that solve business challenges. Recently I’ve focused on deployment at scale and model training to help organizations in the ai/ml sector thrive.,Supported 22 business founders in achieving excellence in deployment at scale and overcoming model training challenges for 4 years.,Deployment at Scale,Model Training,Data Labeling,AI/ML,
116,Or Rosen,or.rosen@gmail.com,4,"CTO at Clinical Trials at Myers, Farmer and Ramos",Manager at Clayton-Cobb for 6 years,MSc in Computer Science from West Brandy University,"Clinical Trials, Product-Market Fit, Regulatory Compliance",Committed to supporting innovation in healthtech with expertise in clinical trials and product-market fit.,I work on integrating healthcare needs with technology to improve patient outcomes. Recently I’ve focused on clinical trials and product-market fit to help organizations in the healthtech sector thrive.,Helped 31 entrepreneurs refine their approach to clinical trials and product-market fit while scaling their ventures over 10 years.,Clinical Trials,Product-Market Fit,Regulatory Compliance,HealthTech,
117,Tal BenDavid,tal.bendavid@gmail.com,4,Lead SEO at Johnson and Sons,"Lead at Osborne, Ball and Harris for 2 years",MSc in Economics from New Jeremy University,"SEO, UX/UI, Digital Marketing",Passionate about helping e-commerce startups improve seo and ux/ui.,I’ve helped leading online retailers improve growth and optimize digital operations. Recently I’ve focused on seo and ux/ui to help organizations in the e-commerce sector thrive.,Coached 13 innovation managers and tech leaders on seo and ux/ui throughout 11 years.,SEO,UX/UI,Digital Marketing,E-commerce,
118,Erez Mizrahi,erez.mizrahi@gmail.com,2,Head of MLOps at Scott-Roman,Director at Tyler-Shaw for 2 years,MBA in Computer Science from Penaside University,"MLOps, Data Labeling, Deployment at Scale",Believes that great outcomes in ai/ml come from strong mlops and deployment at scale.,I focus on building and deploying machine learning models that solve business challenges. Recently I’ve focused on mlops and data labeling to help organizations in the ai/ml sector thrive.,Supported 18 business founders in achieving excellence in mlops and overcoming data labeling challenges for 5 years.,MLOps,Data Labeling,Deployment at Scale,AI/ML,
119,Yossi Katz,yossi.katz@gmail.com,1,CEO at Last Mile Delivery at Estrada-Lynch,"Lead at Armstrong, Watts and Schultz for 5 years",MSc in Design from West Deborah University,"Last Mile Delivery, Route Optimization, Inventory Management",Focuses on practical strategies to boost last mile delivery and inventory management for logistics ventures.,I’ve supported supply-chain leaders in optimizing routes and improving efficiency. Recently I’ve focused on last mile delivery and route optimization to help organizations in the logistics sector thrive.,Guided over 15 early-stage founders in last mile delivery and route optimization for more than 11 years.,Last Mile Delivery,Route Optimization,Inventory Management,Logistics,
120,Yael Levi,yael.levi@gmail.com,4,"CEO at Assessment Tools at Ellis, Berger and Green",Manager at Berry-Mann for 2 years,MSc in Business from Pricefurt University,"Assessment Tools, Mobile App Development, Gamification",Focuses on practical strategies to boost assessment tools and gamification for edtech ventures.,I’ve guided edtech founders on building engaging learning platforms for diverse audiences. Recently I’ve focused on assessment tools and mobile app development to help organizations in the edtech sector thrive.,Helped 13 entrepreneurs refine their approach to assessment tools and mobile app development while scaling their ventures over 11 years.,Assessment Tools,Mobile App Development,Gamification,EdTech,
121,Noa Rimon,noa.rimon@gmail.com,5,Head of Teacher Training at Shelton-Thompson,Manager at Wagner Inc for 4 years,BSc in Engineering from Port Michellefurt University,"Teacher Training, Learning Design, Mobile App Development",Focuses on practical strategies to boost teacher training and mobile app development for edtech ventures.,I’ve guided edtech founders on building engaging learning platforms for diverse audiences. Recently I’ve focused on teacher training and learning design to help organizations in the edtech sector thrive.,Coached 15 innovation managers and tech leaders on teacher training and learning design throughout 5 years.,Teacher Training,Learning Design,Mobile App Development,EdTech,
122,Tamar Goren,tamar.goren@gmail.com,1,"VP of Teacher Training at Boyer, Gonzalez and Garcia",Lead at Matthews-Smith for 4 years,MSc in Computer Science from Baileytown University,"Teacher Training, Assessment Tools, Gamification",Focuses on practical strategies to boost teacher training and gamification for edtech ventures.,I’ve guided edtech founders on building engaging learning platforms for diverse audiences. Recently I’ve focused on teacher training and assessment tools to help organizations in the edtech sector thrive.,Provided hands-on mentoring to 15 product teams improving teacher training and scaling assessment tools during 8 years.,Teacher Training,Assessment Tools,Gamification,EdTech,
123,Noa Sela,noa.sela@gmail.com,5,Lead Supply Chain at Williams-Ramirez,Lead at Brown Inc for 6 years,MBA in Design from Riverafort University,"Supply Chain, Data Analysis, IoT Sensors",Committed to supporting innovation in agritech with expertise in supply chain and data analysis.,I specialize in applying data and automation to modernize agricultural processes. Recently I’ve focused on supply chain and data analysis to help organizations in the agritech sector thrive.,Provided hands-on mentoring to 16 product teams improving supply chain and scaling data analysis during 5 years.,Supply Chain,Data Analysis,IoT Sensors,AgriTech,
124,Adi Goren,adi.goren@gmail.com,5,VP of Cloud Architecture at Riley LLC,"Manager at West, Stephens and Gonzalez for 6 years",MSc in Business from New Lindaview University,"Cloud Architecture, DevOps, Scalability",Focuses on practical strategies to boost cloud architecture and scalability for saas ventures.,I focus on scaling software-as-a-service platforms to meet enterprise demands. Recently I’ve focused on cloud architecture and devops to help organizations in the saas sector thrive.,Advised 27 growth-stage startups on cloud architecture and devops across 6 years of mentorship.,Cloud Architecture,DevOps,Scalability,SaaS,
125,Zohar Levi,zohar.levi@gmail.com,2,CEO at Precision Agriculture at Bowman PLC,Lead at Faulkner-Gallegos for 4 years,MBA in Economics from Rowlandside University,"Precision Agriculture, Climate Impact, Data Analysis",Focuses on practical strategies to boost precision agriculture and data analysis for agritech ventures.,I specialize in applying data and automation to modernize agricultural processes. Recently I’ve focused on precision agriculture and climate impact to help organizations in the agritech sector thrive.,Supported 16 business founders in achieving excellence in precision agriculture and overcoming climate impact challenges for 9 years.,Precision Agriculture,Climate Impact,Data Analysis,AgriTech,
126,Gal Rimon,gal.rimon@gmail.com,5,Principal Deployment at Scale at Taylor PLC,Director at Allen Ltd for 2 years,BSc in Computer Science from Lake Daniel University,"Deployment at Scale, Data Labeling, Model Training",Focuses on practical strategies to boost deployment at scale and model training for ai/ml ventures.,I focus on building and deploying machine learning models that solve business challenges. Recently I’ve focused on deployment at scale and data labeling to help organizations in the ai/ml sector thrive.,Provided hands-on mentoring to 7 product teams improving deployment at scale and scaling data labeling during 9 years.,Deployment at Scale,Data Labeling,Model Training,AI/ML,
127,Yonatan Tal,yonatan.tal@gmail.com,4,CTO at Supply Chain at Townsend Ltd,Director at Navarro Group for 4 years,MSc in Computer Science from South Tracy University,"Supply Chain, UX/UI, SEO",Enjoys mentoring teams facing ux/ui challenges in the e-commerce industry.,I’ve helped leading online retailers improve growth and optimize digital operations. Recently I’ve focused on supply chain and ux/ui to help organizations in the e-commerce sector thrive.,Advised 8 growth-stage startups on supply chain and ux/ui across 6 years of mentorship.,Supply Chain,UX/UI,SEO,E-commerce,
128,Nadav Katz,nadav.katz@gmail.com,4,"VP of Operations at Smith, Perez and Hamilton","Director at Smith, Cole and Hartman for 2 years",MSc in Economics from Heatherview University,"Operations, Renewable Energy, Sustainability",Passionate about helping cleantech startups improve operations and renewable energy.,I’m passionate about bringing innovative sustainable energy solutions to startups. Recently I’ve focused on operations and renewable energy to help organizations in the cleantech sector thrive.,Guided over 19 early-stage founders in operations and renewable energy for more than 7 years.,Operations,Renewable Energy,Sustainability,CleanTech,
129,Gal Shalev,gal.shalev@gmail.com,1,"Lead Gamification at Shepard, Morris and Davis","Manager at Peterson, Parks and Williams for 2 years",BSc in Computer Science from South Robert University,"Gamification, Mobile App Development, Teacher Training",Enjoys mentoring teams facing mobile app development challenges in the edtech industry.,I’ve guided edtech founders on building engaging learning platforms for diverse audiences. Recently I’ve focused on gamification and mobile app development to help organizations in the edtech sector thrive.,Advised 10 growth-stage startups on gamification and mobile app development across 3 years of mentorship.,Gamification,Mobile App Development,Teacher Training,EdTech,
130,Rotem Eldar,rotem.eldar@gmail.com,2,"VP of Compliance at Scott, House and Lam",Lead at Walker-Nguyen for 2 years,BSc in Economics from Emilyside University,"Compliance, Zero Trust, Data Protection",Focuses on practical strategies to boost compliance and data protection for cybersecurity ventures.,I’ve helped organizations design resilient security systems to reduce data risks. Recently I’ve focused on compliance and zero trust to help organizations in the cybersecurity sector thrive.,Advised 17 growth-stage startups on compliance and zero trust across 9 years of mentorship.,Compliance,Zero Trust,Data Protection,CyberSecurity,
131,Itai Tal,itai.tal@gmail.com,3,"Principal Fundraising at Mora, Morris and Bowman","Director at Davis, Jennings and Norris for 3 years",BSc in Economics from Lake Daniel University,"Fundraising, Renewable Energy, Operations",Enjoys mentoring teams facing renewable energy challenges in the cleantech industry.,I’m passionate about bringing innovative sustainable energy solutions to startups. Recently I’ve focused on fundraising and renewable energy to help organizations in the cleantech sector thrive.,Guided over 26 early-stage founders in fundraising and renewable energy for more than 9 years.,Fundraising,Renewable Energy,Operations,CleanTech,
132,Roni Lazar,roni.lazar@gmail.com,3,Lead Gamification at Powell and Sons,Manager at White and Sons for 3 years,MBA in Engineering from Johnsonmouth University,"Gamification, Teacher Training, Assessment Tools",Committed to supporting innovation in edtech with expertise in gamification and teacher training.,I’ve guided edtech founders on building engaging learning platforms for diverse audiences. Recently I’ve focused on gamification and teacher training to help organizations in the edtech sector thrive.,Guided over 24 early-stage founders in gamification and teacher training for more than 8 years.,Gamification,Teacher Training,Assessment Tools,EdTech,
133,Nadav Tal,nadav.tal@gmail.com,2,Principal IoT Sensors at Walker-Maddox,Director at Patterson-Jones for 2 years,MBA in Business from Kirbytown University,"IoT Sensors, Data Analysis, Precision Agriculture",Passionate about helping agritech startups improve iot sensors and data analysis.,I specialize in applying data and automation to modernize agricultural processes. Recently I’ve focused on iot sensors and data analysis to help organizations in the agritech sector thrive.,Helped 9 entrepreneurs refine their approach to iot sensors and data analysis while scaling their ventures over 7 years.,IoT Sensors,Data Analysis,Precision Agriculture,AgriTech,
134,Lior Sela,lior.sela@gmail.com,3,"CEO at Data Labeling at Martinez, Compton and Hayden",Manager at Martin-Johnson for 2 years,BSc in Economics from West Brookestad University,"Data Labeling, Prompt Engineering, Model Training",Passionate about helping ai/ml startups improve data labeling and prompt engineering.,I focus on building and deploying machine learning models that solve business challenges. Recently I’ve focused on data labeling and prompt engineering to help organizations in the ai/ml sector thrive.,Coached 33 innovation managers and tech leaders on data labeling and prompt engineering throughout 4 years.,Data Labeling,Prompt Engineering,Model Training,AI/ML,
135,Roni Aloni,roni.aloni@gmail.com,2,Lead Zero Trust at Roberts LLC,Manager at Perry and Sons for 3 years,MSc in Design from East Jeffton University,"Zero Trust, Compliance, Incident Response",Focuses on practical strategies to boost zero trust and incident response for cybersecurity ventures.,I’ve helped organizations design resilient security systems to reduce data risks. Recently I’ve focused on zero trust and compliance to help organizations in the cybersecurity sector thrive.,Supported 18 business founders in achieving excellence in zero trust and overcoming compliance challenges for 4 years.,Zero Trust,Compliance,Incident Response,CyberSecurity,
136,Nadav Raz,nadav.raz@gmail.com,5,CTO at UX/UI at Adams and Sons,Director at Bowers-Lawson for 2 years,MBA in Computer Science from East Trevorfort University,"UX/UI, Digital Marketing, Conversion Optimization",Believes that great outcomes in e-commerce come from strong ux/ui and conversion optimization.,I’ve helped leading online retailers improve growth and optimize digital operations. Recently I’ve focused on ux/ui and digital marketing to help organizations in the e-commerce sector thrive.,Provided hands-on mentoring to 35 product teams improving ux/ui and scaling digital marketing during 7 years.,UX/UI,Digital Marketing,Conversion Optimization,E-commerce,
137,Hila BenDavid,hila.bendavid@gmail.com,5,Lead User Research at Lawrence-Johnson,Director at Burton-Whitney for 3 years,MSc in Engineering from New Andrewville University,"User Research, Product-Market Fit, Telemedicine",Passionate about helping healthtech startups improve user research and product-market fit.,I work on integrating healthcare needs with technology to improve patient outcomes. Recently I’ve focused on user research and product-market fit to help organizations in the healthtech sector thrive.,Advised 25 growth-stage startups on user research and product-market fit across 8 years of mentorship.,User Research,Product-Market Fit,Telemedicine,HealthTech,
138,Tal Bar,tal.bar@gmail.com,1,"Lead Operations at Long, Kim and Martin",Director at Rogers-Johnson for 6 years,BSc in Engineering from Lake Jennifer University,"Operations, Market Strategy, Renewable Energy",Believes that great outcomes in cleantech come from strong operations and renewable energy.,I’m passionate about bringing innovative sustainable energy solutions to startups. Recently I’ve focused on operations and market strategy to help organizations in the cleantech sector thrive.,Provided hands-on mentoring to 27 product teams improving operations and scaling market strategy during 9 years.,Operations,Market Strategy,Renewable Energy,CleanTech,
139,Gal Tal,gal.tal@gmail.com,2,CTO at User Research at Anderson-Sutton,"Lead at Reed, Kelly and Moreno for 3 years",BSc in Business from Nicholsshire University,"User Research, Clinical Trials, Telemedicine",Believes that great outcomes in healthtech come from strong user research and telemedicine.,I work on integrating healthcare needs with technology to improve patient outcomes. Recently I’ve focused on user research and clinical trials to help organizations in the healthtech sector thrive.,Provided hands-on mentoring to 12 product teams improving user research and scaling clinical trials during 9 years.,User Research,Clinical Trials,Telemedicine,HealthTech,
140,Gal Amiel,gal.amiel@gmail.com,2,Principal APIs at Jarvis-Wall,"Lead at Garcia, Williams and Boone for 2 years",MBA in Design from North Melodyburgh University,"APIs, Compliance, Risk Management",Enjoys mentoring teams facing compliance challenges in the fintech industry.,I’ve spent years building secure and compliant financial products that scale globally. Recently I’ve focused on apis and compliance to help organizations in the fintech sector thrive.,Advised 31 growth-stage startups on apis and compliance across 4 years of mentorship.,APIs,Compliance,Risk Management,FinTech,
141,Yossi Weiss,yossi.weiss@gmail.com,2,Principal Threat Detection at Wilson Ltd,Manager at Mercer-Allen for 5 years,MBA in Computer Science from West Michellemouth University,"Threat Detection, Data Protection, Compliance",Believes that great outcomes in cybersecurity come from strong threat detection and compliance.,I’ve helped organizations design resilient security systems to reduce data risks. Recently I’ve focused on threat detection and data protection to help organizations in the cybersecurity sector thrive.,Coached 28 innovation managers and tech leaders on threat detection and data protection throughout 10 years.,Threat Detection,Data Protection,Compliance,CyberSecurity,
142,Shani Shalev,shani.shalev@gmail.com,4,CTO at Data Analysis at Stone Inc,"Manager at Kelley, Rhodes and Rogers for 4 years",MSc in Engineering from West Amy University,"Data Analysis, Climate Impact, Precision Agriculture",Believes that great outcomes in agritech come from strong data analysis and precision agriculture.,I specialize in applying data and automation to modernize agricultural processes. Recently I’ve focused on data analysis and climate impact to help organizations in the agritech sector thrive.,Advised 21 growth-stage startups on data analysis and climate impact across 6 years of mentorship.,Data Analysis,Climate Impact,Precision Agriculture,AgriTech,
143,Noa Peretz,noa.peretz@gmail.com,5,Lead Risk Management at Bass and Sons,"Manager at Garcia, Carpenter and Clark for 2 years",MSc in Business from Omarmouth University,"Risk Management, Data Analytics, Payment Systems",Believes that great outcomes in fintech come from strong risk management and payment systems.,I’ve spent years building secure and compliant financial products that scale globally. Recently I’ve focused on risk management and data analytics to help organizations in the fintech sector thrive.,Guided over 9 early-stage founders in risk management and data analytics for more than 6 years.,Risk Management,Data Analytics,Payment Systems,FinTech,
144,Maya Kaplan,maya.kaplan@gmail.com,5,CEO at Data Analysis at Irwin-Powers,Lead at Galvan LLC for 6 years,MBA in Design from Lutzton University,"Data Analysis, Climate Impact, Precision Agriculture",Committed to supporting innovation in agritech with expertise in data analysis and climate impact.,I specialize in applying data and automation to modernize agricultural processes. Recently I’ve focused on data analysis and climate impact to help organizations in the agritech sector thrive.,Advised 33 growth-stage startups on data analysis and climate impact across 6 years of mentorship.,Data Analysis,Climate Impact,Precision Agriculture,AgriTech,
145,Boaz Mor,boaz.mor@gmail.com,4,"Principal Conversion Optimization at Williams, Parks and Navarro",Lead at Macdonald Inc for 6 years,MBA in Design from Davisside University,"Conversion Optimization, Digital Marketing, UX/UI",Believes that great outcomes in e-commerce come from strong conversion optimization and ux/ui.,I’ve helped leading online retailers improve growth and optimize digital operations. Recently I’ve focused on conversion optimization and digital marketing to help organizations in the e-commerce sector thrive.,Guided over 22 early-stage founders in conversion optimization and digital marketing for more than 5 years.,Conversion Optimization,Digital Marketing,UX/UI,E-commerce,
146,Erez Peretz,erez.peretz@gmail.com,4,CTO at Data Protection at Hanson PLC,Lead at Carr Ltd for 2 years,MSc in Design from Austinchester University,"Data Protection, Incident Response, Compliance",Believes that great outcomes in cybersecurity come from strong data protection and compliance.,I’ve helped organizations design resilient security systems to reduce data risks. Recently I’ve focused on data protection and incident response to help organizations in the cybersecurity sector thrive.,Helped 26 entrepreneurs refine their approach to data protection and incident response while scaling their ventures over 8 years.,Data Protection,Incident Response,Compliance,CyberSecurity,
147,Shani Lazar,shani.lazar@gmail.com,4,"Principal Product-Market Fit at Johns, Stone and Moore",Lead at Beasley Group for 2 years,MBA in Engineering from Port Tarafurt University,"Product-Market Fit, Regulatory Compliance, Clinical Trials",Enjoys mentoring teams facing regulatory compliance challenges in the healthtech industry.,I work on integrating healthcare needs with technology to improve patient outcomes. Recently I’ve focused on product-market fit and regulatory compliance to help organizations in the healthtech sector thrive.,Helped 16 entrepreneurs refine their approach to product-market fit and regulatory compliance while scaling their ventures over 5 years.,Product-Market Fit,Regulatory Compliance,Clinical Trials,HealthTech,
148,Shani Sela,shani.sela@gmail.com,3,CTO at Gamification at Strong-Jefferson,"Director at Day, Brooks and Clark for 6 years",MSc in Design from Port Ericton University,"Gamification, Assessment Tools, Mobile App Development",Believes that great outcomes in edtech come from strong gamification and mobile app development.,I’ve guided edtech founders on building engaging learning platforms for diverse audiences. Recently I’ve focused on gamification and assessment tools to help organizations in the edtech sector thrive.,Provided hands-on mentoring to 16 product teams improving gamification and scaling assessment tools during 7 years.,Gamification,Assessment Tools,Mobile App Development,EdTech,
149,Hila Mor,hila.mor@gmail.com,5,CTO at Teacher Training at Baker Ltd,Director at Rivera-Hood for 2 years,MBA in Design from Cookside University,"Teacher Training, Mobile App Development, Learning Design",Passionate about helping edtech startups improve teacher training and mobile app development.,I’ve guided edtech founders on building engaging learning platforms for diverse audiences. Recently I’ve focused on teacher training and mobile app development to help organizations in the edtech sector thrive.,Supported 16 business founders in achieving excellence in teacher training and overcoming mobile app development challenges for 12 years.,Teacher Training,Mobile App Development,Learning Design,EdTech,
150,Lior BenDavid,lior.bendavid@gmail.com,2,VP of DevOps at Goodwin-Jones,"Lead at Hunt, Tran and Pratt for 4 years",MBA in Economics from North Antonioborough University,"DevOps, Customer Success, Cloud Architecture",Believes that great outcomes in saas come from strong devops and cloud architecture.,I focus on scaling software-as-a-service platforms to meet enterprise demands. Recently I’ve focused on devops and customer success to help organizations in the saas sector thrive.,Guided over 24 early-stage founders in devops and customer success for more than 6 years.,DevOps,Customer Success,Cloud Architecture,SaaS,
